Name,Age,Preference 1,Preference 2,Preference 3,Preference 4,Preference 5,Preference 6,Preference 7,Preference 8,Preference 9,Preference 10
Cristobal Carter,15,Wood Working,Diving,Circus Acts,Basketball,Rock Climbing,Singing & Acapella,Mosaics,Stage Makeup,Sailing (North Camp),Ceramics
Dawna Flatley,9,High Ropes - Single Class,Rock Climbing,Lacrosse,Movie Making,Basketball,Advanced Adventures,Knitting,Diving,Circus Acts,Sailing (North Camp)
Lauren Glover,11,Singing & Acapella,Circus Acts,Wood Working,Paddleboarding,Survival Skills,Dance,Weaving,Tennis,Movie Making,Knitting
Royce Will,15,Rock Climbing,Rocketry,Circus Acts,Riflery,Sailing (North Camp),Diving,Mission Monadnock,Tennis,Ceramics,Mosaics
Les Nolan,14,Singing & Acapella,Stage Makeup,Designing With Nature,Screen Printing,Ceramics,Wood Working,Dance,Rock Climbing,Basketball,Survival Skills
Trang Feest,15,Movie Making,Riflery,Tennis,Sailing (North Camp),Survival Skills,Advanced Adventures,Singing & Acapella,Advanced High Ropes - Single Class,High Ropes - Single Class,Mosaics
Elease Friesen,11,Candling,Survival Skills,Yoga,Football,Basketball,Dance,Paddleboarding,Ceramics,Designing With Nature,Circus Acts
Lenora Howell,13,Weaving,Mosaics,Ceramics,Yoga,Basketball,Football,Wood Working,Singing & Acapella,Dance,Circus Acts
Raul Hills,11,High Ropes - Single Class,Survival Skills,Yoga,Sailing (North Camp),Candling,Designing With Nature,Circus Acts,Weaving,Boat Sampler,Basketball
Deedra Aimonetti,14,Knitting,Riflery,Football,Lacrosse,Diving,High Ropes - Single Class,Mission Monadnock,Boat Sampler,Stage Makeup,Circus Acts
Dalton Wiegand,12,Mission Monadnock,Candling,Advanced High Ropes - Single Class,Ceramics,Yoga,High Ropes - Single Class,Stage Makeup,Advanced Adventures,Basketball,Boat Sampler
Murray Kohler,8,Diving,Basketball,Circus Acts,Football,Ceramics,Mission Monadnock,High Ropes - Single Class,Singing & Acapella,Rock Climbing,Rocketry
Jarrett Hilll,13,Movie Making,Yoga,Designing With Nature,Advanced Adventures,Basketball,Dance,Riflery,Rocketry,Mission Monadnock,Singing & Acapella
Clemente Legros,14,Riflery,Singing & Acapella,Dance,Stage Makeup,Boat Sampler,Paddleboarding,Basketball,Football,Tennis,Diving
Mallie Langworth,13,Dance,Survival Skills,Riflery,Lacrosse,Advanced Adventures,Diving,Knitting,Paddleboarding,Ceramics,Mosaics
Donovan Murphy,8,Screen Printing,Singing & Acapella,Riflery,Rock Climbing,Paddleboarding,Lacrosse,Wood Working,Mission Monadnock,Candling,Yoga
Marna Powlowski,13,Paddleboarding,Weaving,Screen Printing,Rock Climbing,Circus Acts,Tennis,Diving,Designing With Nature,Ceramics,Riflery
Keena Donnelly,10,Advanced High Ropes - Single Class,Tennis,Ceramics,Paddleboarding,Screen Printing,High Ropes - Single Class,Survival Skills,Rock Climbing,Candling,Sailing (North Camp)
Katherina Spencer,12,Weaving,Diving,Rocketry,Wood Working,Movie Making,Designing With Nature,Tennis,Singing & Acapella,Circus Acts,Boat Sampler
Lynda Yundt,8,Dance,Knitting,Singing & Acapella,Ceramics,Basketball,High Ropes - Single Class,Boat Sampler,Rock Climbing,Mission Monadnock,Survival Skills
Lyndia Reynolds,15,Advanced High Ropes - Single Class,Football,Basketball,Candling,Movie Making,Lacrosse,Tennis,Screen Printing,Mosaics,Sailing (North Camp)
Weldon Homenick,9,Candling,Boat Sampler,Movie Making,Rock Climbing,Tennis,Ceramics,Singing & Acapella,Lacrosse,Dance,Stage Makeup
Mandi Schneider,10,Survival Skills,Lacrosse,Mission Monadnock,Sailing (North Camp),Movie Making,Paddleboarding,Ceramics,Dance,Rock Climbing,Circus Acts
Herb Hammes,13,Tennis,Yoga,Football,Advanced High Ropes - Single Class,Weaving,Paddleboarding,Boat Sampler,Lacrosse,Candling,Basketball
Shannon Will,13,Screen Printing,Yoga,Mosaics,Singing & Acapella,Designing With Nature,Advanced Adventures,Candling,Mission Monadnock,Dance,Riflery
Marlin Steuber,8,Mosaics,High Ropes - Single Class,Mission Monadnock,Candling,Wood Working,Basketball,Stage Makeup,Dance,Lacrosse,Ceramics
Reta Herman,10,Mission Monadnock,Knitting,Boat Sampler,Movie Making,Ceramics,Circus Acts,Yoga,Candling,Rock Climbing,Tennis
Refugio Koelpin,11,Basketball,High Ropes - Single Class,Riflery,Yoga,Circus Acts,Designing With Nature,Mosaics,Knitting,Ceramics,Football
Bryant Mante,15,Lacrosse,Boat Sampler,Weaving,Riflery,Rocketry,Rock Climbing,Dance,Knitting,Candling,Survival Skills
Douglas Abbott,12,Rock Climbing,Wood Working,Basketball,Knitting,Mosaics,Candling,Dance,Lacrosse,Weaving,Screen Printing
Calandra Jacobson,14,Mission Monadnock,Basketball,Singing & Acapella,Designing With Nature,Dance,Wood Working,Paddleboarding,Yoga,Tennis,Advanced Adventures
Wilbert Stokes,9,Advanced High Ropes - Single Class,Wood Working,Diving,Dance,Mosaics,Boat Sampler,Sailing (North Camp),Ceramics,Rocketry,Riflery
Gil Walter,10,Football,Designing With Nature,Mission Monadnock,Circus Acts,Tennis,Rocketry,Yoga,Dance,Riflery,Basketball
Lester Hackett,9,Rocketry,Designing With Nature,Mosaics,Screen Printing,Mission Monadnock,Weaving,Advanced Adventures,Wood Working,High Ropes - Single Class,Diving
Vania Kunde,9,Screen Printing,Designing With Nature,Movie Making,Paddleboarding,Wood Working,Singing & Acapella,Rock Climbing,Advanced Adventures,Survival Skills,Yoga
Benedict Torp,11,Tennis,Yoga,Circus Acts,Riflery,Designing With Nature,Paddleboarding,Wood Working,Advanced Adventures,Candling,Boat Sampler
Jamie Hirthe,15,Lacrosse,Boat Sampler,Advanced High Ropes - Single Class,High Ropes - Single Class,Designing With Nature,Ceramics,Mosaics,Basketball,Diving,Stage Makeup
Luis Kohler,12,Boat Sampler,Lacrosse,Tennis,Basketball,Candling,Riflery,Wood Working,Weaving,Rock Climbing,Yoga
Keshia Kuhn,13,Lacrosse,Screen Printing,Riflery,Yoga,Basketball,Advanced Adventures,Candling,Circus Acts,Survival Skills,Diving
Latia Gutkowski,11,Mosaics,Tennis,Wood Working,Screen Printing,Knitting,Singing & Acapella,Sailing (North Camp),Rocketry,Circus Acts,Stage Makeup
Rodrick Hamill,10,Paddleboarding,Candling,High Ropes - Single Class,Basketball,Boat Sampler,Lacrosse,Football,Diving,Ceramics,Weaving
Rozella Senger,14,Paddleboarding,Basketball,Mission Monadnock,Screen Printing,Advanced Adventures,Weaving,Diving,High Ropes - Single Class,Mosaics,Football
Maye McGlynn,11,Ceramics,Tennis,Football,Paddleboarding,Wood Working,Yoga,Rocketry,Mission Monadnock,Riflery,Knitting
Tamera Daniel,14,Riflery,Designing With Nature,Diving,Tennis,Screen Printing,Mosaics,Stage Makeup,Circus Acts,Basketball,Mission Monadnock
Leon Effertz,14,Paddleboarding,Dance,Candling,Knitting,Ceramics,Lacrosse,Weaving,Screen Printing,Tennis,Diving
Jolynn Pacocha,14,Stage Makeup,Football,Advanced Adventures,Screen Printing,Designing With Nature,Circus Acts,Mission Monadnock,Ceramics,Diving,Singing & Acapella
Mae Dare,9,Tennis,Sailing (North Camp),Football,Basketball,Dance,Yoga,Advanced Adventures,Movie Making,Advanced High Ropes - Single Class,Wood Working
Miquel Larkin,14,Diving,Yoga,Weaving,Dance,Stage Makeup,Movie Making,Rocketry,Singing & Acapella,Circus Acts,Designing With Nature
Valentine Quitzon,10,Movie Making,Knitting,Diving,Paddleboarding,High Ropes - Single Class,Advanced High Ropes - Single Class,Tennis,Wood Working,Advanced Adventures,Dance
Cary Leannon,9,Mosaics,Basketball,Knitting,Tennis,Riflery,Sailing (North Camp),Boat Sampler,Survival Skills,Singing & Acapella,Paddleboarding
Caleb Upton,8,Yoga,Diving,Movie Making,Football,Lacrosse,Sailing (North Camp),Stage Makeup,Knitting,Paddleboarding,Advanced Adventures
Dionna Ward,15,Survival Skills,Tennis,Sailing (North Camp),Designing With Nature,Rocketry,Advanced Adventures,Weaving,Basketball,Knitting,Football
Neil Marvin,14,Screen Printing,Advanced Adventures,Sailing (North Camp),Knitting,Candling,Survival Skills,Stage Makeup,High Ropes - Single Class,Basketball,Lacrosse
Chelsie Wunsch,14,Diving,Advanced Adventures,Mission Monadnock,Lacrosse,Basketball,Football,Yoga,Designing With Nature,Advanced High Ropes - Single Class,Paddleboarding
Boyd Orn,12,Candling,Tennis,Advanced High Ropes - Single Class,Boat Sampler,High Ropes - Single Class,Lacrosse,Rocketry,Designing With Nature,Survival Skills,Knitting
Corine Aimonetti,12,Rock Climbing,Basketball,Screen Printing,Designing With Nature,Lacrosse,Circus Acts,Football,Sailing (North Camp),Weaving,Stage Makeup
Jewell Jakubowski,14,Boat Sampler,Paddleboarding,Circus Acts,Tennis,Mosaics,Dance,Stage Makeup,Diving,Screen Printing,Knitting
Hong Cronin,10,Yoga,Ceramics,Basketball,Football,Movie Making,Rocketry,Mission Monadnock,Sailing (North Camp),Weaving,Rock Climbing
Lorretta Senger,12,Rock Climbing,Football,Mission Monadnock,Knitting,Basketball,Survival Skills,Mosaics,Paddleboarding,Circus Acts,Riflery
Merle Harvey,15,Dance,Sailing (North Camp),Candling,Designing With Nature,Basketball,Rocketry,Rock Climbing,Circus Acts,Tennis,High Ropes - Single Class
Clement Raynor,12,Candling,Dance,Yoga,Advanced High Ropes - Single Class,Rocketry,High Ropes - Single Class,Ceramics,Basketball,Football,Mosaics
Noel Ratke,11,Ceramics,Advanced Adventures,Basketball,Rocketry,Diving,Stage Makeup,Screen Printing,Sailing (North Camp),Designing With Nature,Candling
Hai Robel,14,Advanced Adventures,Rocketry,Survival Skills,Riflery,Basketball,Knitting,Rock Climbing,High Ropes - Single Class,Boat Sampler,Movie Making
Evita OKon,13,Sailing (North Camp),Wood Working,Survival Skills,Circus Acts,Riflery,Singing & Acapella,Boat Sampler,Screen Printing,Ceramics,Dance
Elvis Leffler,14,Mosaics,Tennis,Candling,Sailing (North Camp),Screen Printing,Advanced High Ropes - Single Class,Wood Working,Paddleboarding,Yoga,Advanced Adventures
Julia Halvorson,9,Rock Climbing,High Ropes - Single Class,Circus Acts,Advanced Adventures,Weaving,Football,Rocketry,Screen Printing,Lacrosse,Dance
Eve Mayert,12,Wood Working,Tennis,Movie Making,Screen Printing,High Ropes - Single Class,Survival Skills,Circus Acts,Rocketry,Paddleboarding,Riflery
Adina Heidenreich,10,Circus Acts,Advanced Adventures,Basketball,Advanced High Ropes - Single Class,High Ropes - Single Class,Wood Working,Ceramics,Movie Making,Riflery,Rocketry
Helaine Dietrich,14,Advanced High Ropes - Single Class,Sailing (North Camp),High Ropes - Single Class,Rocketry,Singing & Acapella,Dance,Stage Makeup,Rock Climbing,Paddleboarding,Candling
Louie Runte,13,Survival Skills,Sailing (North Camp),Tennis,Movie Making,Knitting,High Ropes - Single Class,Riflery,Stage Makeup,Designing With Nature,Yoga
Alonzo Haley,12,Paddleboarding,Advanced Adventures,Rocketry,Weaving,Candling,Sailing (North Camp),Football,Advanced High Ropes - Single Class,Ceramics,Basketball
Shena Auer,13,Stage Makeup,Dance,Wood Working,Circus Acts,Football,Candling,Mission Monadnock,Movie Making,Paddleboarding,Rock Climbing
Kendrick Boehm,13,Circus Acts,Tennis,Mission Monadnock,Paddleboarding,Basketball,Advanced High Ropes - Single Class,Screen Printing,Mosaics,Knitting,Sailing (North Camp)
Rebecka Nolan,8,Rocketry,Sailing (North Camp),Tennis,Mission Monadnock,Singing & Acapella,Football,Riflery,Mosaics,Basketball,High Ropes - Single Class
Von Hintz,13,Yoga,Advanced Adventures,High Ropes - Single Class,Weaving,Riflery,Tennis,Paddleboarding,Basketball,Football,Rocketry
Elenor Dare,11,Mosaics,Circus Acts,Paddleboarding,Diving,Basketball,Sailing (North Camp),Movie Making,High Ropes - Single Class,Designing With Nature,Candling
Rickie Blick,12,Rocketry,Football,Yoga,Sailing (North Camp),Riflery,Candling,Mission Monadnock,Stage Makeup,Basketball,Knitting
Garland Bruen,9,High Ropes - Single Class,Advanced High Ropes - Single Class,Screen Printing,Advanced Adventures,Designing With Nature,Riflery,Tennis,Mission Monadnock,Candling,Basketball
Lupe Luettgen,10,Yoga,Advanced High Ropes - Single Class,Boat Sampler,Dance,Singing & Acapella,Weaving,Rocketry,Paddleboarding,Football,Designing With Nature
Lezlie Fadel,11,Wood Working,Rock Climbing,Sailing (North Camp),Survival Skills,Boat Sampler,Movie Making,Screen Printing,Yoga,High Ropes - Single Class,Mosaics
Mattie Hodkiewicz,9,Stage Makeup,Ceramics,Dance,Wood Working,Basketball,Weaving,Designing With Nature,Lacrosse,Singing & Acapella,Screen Printing
Aleshia Heathcote,14,Lacrosse,Candling,Sailing (North Camp),Advanced High Ropes - Single Class,Basketball,Mission Monadnock,Ceramics,Circus Acts,Screen Printing,Rock Climbing
Lucien Kilback,15,Advanced High Ropes - Single Class,Advanced Adventures,Boat Sampler,Dance,Ceramics,Sailing (North Camp),Movie Making,Diving,High Ropes - Single Class,Survival Skills
Tyrone Ritchie,14,Advanced High Ropes - Single Class,Wood Working,Movie Making,Candling,Tennis,Knitting,Screen Printing,Basketball,Mission Monadnock,Rock Climbing
Mammie Littel,11,Yoga,Singing & Acapella,Basketball,Advanced High Ropes - Single Class,Survival Skills,Paddleboarding,Candling,Tennis,Mission Monadnock,Knitting
Issac Balistreri,13,Football,Advanced Adventures,Screen Printing,Rock Climbing,Rocketry,Stage Makeup,Basketball,Weaving,Advanced High Ropes - Single Class,Diving
Marcos Braun,15,Football,Boat Sampler,Rocketry,Sailing (North Camp),Mosaics,Riflery,Dance,Survival Skills,Screen Printing,Weaving
Cornelius Ebert,12,Lacrosse,Rock Climbing,Designing With Nature,Diving,Mosaics,Ceramics,Rocketry,Wood Working,Football,Singing & Acapella
Genevive Lang,14,Wood Working,Screen Printing,Advanced Adventures,Weaving,Movie Making,Paddleboarding,Lacrosse,Stage Makeup,Sailing (North Camp),Circus Acts
Rolando Towne,10,Paddleboarding,Screen Printing,Boat Sampler,Ceramics,Yoga,High Ropes - Single Class,Basketball,Mosaics,Advanced Adventures,Diving
Illa Schumm,9,Lacrosse,Circus Acts,Singing & Acapella,Candling,Boat Sampler,Football,Wood Working,Advanced High Ropes - Single Class,Rock Climbing,Dance
Thomas Bode,9,Rock Climbing,Advanced High Ropes - Single Class,Weaving,Paddleboarding,Stage Makeup,Yoga,Advanced Adventures,Movie Making,Designing With Nature,Football
Lonnie Morar,9,Knitting,Riflery,Circus Acts,Dance,Survival Skills,Tennis,Mission Monadnock,Movie Making,Sailing (North Camp),Football
Garrett Schmidt,15,Wood Working,Riflery,Screen Printing,Mission Monadnock,Dance,Paddleboarding,Singing & Acapella,Basketball,Boat Sampler,Diving
Jarod Krajcik,13,Weaving,Advanced Adventures,Mission Monadnock,Knitting,Candling,Dance,High Ropes - Single Class,Football,Wood Working,Screen Printing
Sonia  OConner,14,Mission Monadnock,Singing & Acapella,Advanced Adventures,Football,Movie Making,Mosaics,Boat Sampler,Weaving,Yoga,Candling
Kari Schmeler,15,Weaving,Basketball,Ceramics,Candling,Movie Making,Tennis,Riflery,Football,Yoga,Paddleboarding
Versie Reynolds,14,Dance,Riflery,Weaving,Stage Makeup,Tennis,Diving,Lacrosse,Advanced High Ropes - Single Class,Paddleboarding,Candling
Josiah Kuhic,11,Ceramics,Boat Sampler,Diving,Dance,Candling,Basketball,Stage Makeup,High Ropes - Single Class,Tennis,Screen Printing
Jarrod  OConnell,12,Survival Skills,Lacrosse,Advanced Adventures,Rocketry,High Ropes - Single Class,Rock Climbing,Basketball,Football,Knitting,Boat Sampler
Xochitl Wolf,11,Survival Skills,Football,Tennis,Boat Sampler,Candling,Knitting,Basketball,Ceramics,Paddleboarding,Advanced Adventures
Maxwell Blick,15,Stage Makeup,Rocketry,Tennis,Paddleboarding,Diving,Weaving,Ceramics,Advanced High Ropes - Single Class,Movie Making,Lacrosse
Reginald Sanford,14,Wood Working,Boat Sampler,Football,Lacrosse,Candling,Sailing (North Camp),Designing With Nature,Movie Making,Advanced High Ropes - Single Class,Basketball
Janna Bernier,15,Paddleboarding,Advanced Adventures,Singing & Acapella,Mission Monadnock,Survival Skills,Diving,Boat Sampler,Stage Makeup,Tennis,High Ropes - Single Class
Samual Pacocha,13,Lacrosse,Stage Makeup,Movie Making,Designing With Nature,Sailing (North Camp),Rocketry,High Ropes - Single Class,Singing & Acapella,Riflery,Paddleboarding
Pierre Bogan,8,Rock Climbing,Yoga,Mission Monadnock,Riflery,Advanced Adventures,Singing & Acapella,Advanced High Ropes - Single Class,Ceramics,Designing With Nature,Movie Making
Huey Leuschke,13,Designing With Nature,Rocketry,Advanced High Ropes - Single Class,Screen Printing,Singing & Acapella,Circus Acts,Basketball,Candling,Stage Makeup,Survival Skills
Willia Fahey,15,Wood Working,Advanced High Ropes - Single Class,Singing & Acapella,Football,Stage Makeup,Lacrosse,Sailing (North Camp),Basketball,Movie Making,Advanced Adventures
Kris Kuhn,14,Movie Making,Ceramics,Mosaics,Basketball,Yoga,Stage Makeup,Dance,Weaving,Advanced High Ropes - Single Class,Circus Acts
Micah Jerde,9,Designing With Nature,Screen Printing,Riflery,Weaving,Advanced High Ropes - Single Class,Tennis,Circus Acts,High Ropes - Single Class,Sailing (North Camp),Mission Monadnock
Ellis Maggio,12,Designing With Nature,Advanced High Ropes - Single Class,Lacrosse,Mosaics,Candling,Riflery,Rock Climbing,Wood Working,Advanced Adventures,Basketball
Jenelle Rice,14,Mission Monadnock,Movie Making,Diving,High Ropes - Single Class,Advanced Adventures,Basketball,Weaving,Wood Working,Rock Climbing,Singing & Acapella
Leoma Reichel,12,Movie Making,Rocketry,Diving,Basketball,High Ropes - Single Class,Rock Climbing,Advanced High Ropes - Single Class,Knitting,Sailing (North Camp),Candling
Cory McGlynn,8,Stage Makeup,Weaving,Rock Climbing,Boat Sampler,Movie Making,Wood Working,Mission Monadnock,Designing With Nature,Rocketry,Lacrosse
Elwood Hartmann,10,Basketball,Ceramics,Dance,Advanced High Ropes - Single Class,Riflery,Weaving,Designing With Nature,Lacrosse,Boat Sampler,Singing & Acapella
Lynette Will,10,Circus Acts,Basketball,High Ropes - Single Class,Survival Skills,Ceramics,Rocketry,Rock Climbing,Designing With Nature,Mosaics,Advanced High Ropes - Single Class
Kendrick Pollich,14,Designing With Nature,Ceramics,Weaving,Screen Printing,Mosaics,Advanced High Ropes - Single Class,Basketball,Lacrosse,High Ropes - Single Class,Singing & Acapella
Jerome Adams,12,Tennis,Movie Making,Mission Monadnock,Singing & Acapella,Mosaics,Wood Working,Yoga,Stage Makeup,Advanced High Ropes - Single Class,Advanced Adventures
Ashly Bergstrom,10,Wood Working,Yoga,Advanced High Ropes - Single Class,Mosaics,Diving,Movie Making,Circus Acts,Paddleboarding,Candling,Basketball
Basilia Hoeger,14,Designing With Nature,Stage Makeup,Circus Acts,Wood Working,Ceramics,Survival Skills,Movie Making,Football,Candling,Basketball
Casey Casper,14,Boat Sampler,Designing With Nature,Diving,Survival Skills,Yoga,Screen Printing,Circus Acts,Basketball,Riflery,Paddleboarding
Asha Dicki,14,Mosaics,Candling,Rocketry,Screen Printing,Football,Singing & Acapella,Tennis,Diving,Advanced High Ropes - Single Class,Knitting
Toby Borer,13,Screen Printing,Candling,Diving,Knitting,Survival Skills,Football,Rock Climbing,Paddleboarding,Tennis,Riflery
Chris Oberbrunner,12,Weaving,Yoga,Movie Making,Sailing (North Camp),Basketball,Stage Makeup,Mission Monadnock,Mosaics,Tennis,Lacrosse
Meaghan Gottlieb,8,Mission Monadnock,Yoga,Boat Sampler,Knitting,Sailing (North Camp),Advanced High Ropes - Single Class,Singing & Acapella,Basketball,Circus Acts,Advanced Adventures
Alethea Bogisich,12,Wood Working,Mission Monadnock,Screen Printing,Weaving,Diving,Rock Climbing,Boat Sampler,Candling,Circus Acts,Sailing (North Camp)
Andrea Swaniawski,8,Tennis,Dance,Weaving,Wood Working,Stage Makeup,Lacrosse,Ceramics,Sailing (North Camp),Boat Sampler,Diving
Diedre Lebsack,9,Wood Working,Sailing (North Camp),Candling,Advanced Adventures,Basketball,Movie Making,Mosaics,Mission Monadnock,Diving,Ceramics
Lala Auer,10,Wood Working,Survival Skills,Movie Making,Basketball,Screen Printing,Designing With Nature,Riflery,Advanced High Ropes - Single Class,Dance,Stage Makeup
Delaine Smitham,13,Yoga,Survival Skills,Knitting,Singing & Acapella,Football,Circus Acts,Movie Making,Wood Working,Dance,Riflery
Leandra Koss,13,Knitting,Stage Makeup,Advanced Adventures,Rock Climbing,Paddleboarding,High Ropes - Single Class,Movie Making,Designing With Nature,Diving,Basketball
Jeffry Schoen,11,Mosaics,High Ropes - Single Class,Advanced Adventures,Ceramics,Rocketry,Weaving,Designing With Nature,Basketball,Candling,Riflery
Rosendo Homenick,13,Mosaics,Rocketry,Advanced Adventures,Stage Makeup,Designing With Nature,Tennis,Weaving,Candling,Boat Sampler,Screen Printing
Myron Pacocha,13,Tennis,Riflery,Mission Monadnock,Weaving,Singing & Acapella,Mosaics,Screen Printing,Rock Climbing,Football,High Ropes - Single Class
Jared Swift,9,Sailing (North Camp),Basketball,Survival Skills,Advanced Adventures,Advanced High Ropes - Single Class,Wood Working,Mosaics,Paddleboarding,Candling,Singing & Acapella
Dennise Satterfield,14,Advanced Adventures,Movie Making,Paddleboarding,Basketball,Survival Skills,Riflery,High Ropes - Single Class,Screen Printing,Lacrosse,Sailing (North Camp)
Christen Kassulke,15,Advanced High Ropes - Single Class,Weaving,Candling,Rocketry,Boat Sampler,Mission Monadnock,Wood Working,Ceramics,Rock Climbing,Screen Printing
Cortez Welch,12,Wood Working,Stage Makeup,Screen Printing,Basketball,High Ropes - Single Class,Candling,Knitting,Mission Monadnock,Football,Riflery
Merri Dach,13,Circus Acts,Boat Sampler,Screen Printing,Movie Making,Survival Skills,Dance,Football,Lacrosse,Mission Monadnock,Diving
Derek Beahan,15,Weaving,Rock Climbing,Candling,Survival Skills,Basketball,Riflery,Wood Working,Screen Printing,Singing & Acapella,Paddleboarding
Noella Kilback,9,Weaving,Lacrosse,Basketball,Sailing (North Camp),Football,Ceramics,Diving,Singing & Acapella,Mosaics,Screen Printing
Mike Hand,13,Yoga,Paddleboarding,Football,Weaving,Advanced Adventures,Sailing (North Camp),Mission Monadnock,Rocketry,Designing With Nature,Movie Making
Jeromy Kling,10,Yoga,Diving,Paddleboarding,Advanced Adventures,Riflery,Sailing (North Camp),Football,Survival Skills,Boat Sampler,Basketball
Marketta Bogisich,12,Mosaics,Singing & Acapella,Advanced High Ropes - Single Class,Rocketry,Ceramics,Circus Acts,Stage Makeup,Designing With Nature,Dance,Screen Printing
Argentina Schmitt,15,Ceramics,Diving,Football,Paddleboarding,Rocketry,Mosaics,Basketball,Knitting,Lacrosse,Singing & Acapella
Deangelo Kertzmann,14,Knitting,Football,Lacrosse,Movie Making,Dance,Mission Monadnock,Rocketry,Boat Sampler,Survival Skills,Advanced High Ropes - Single Class
Delsie Beier,15,High Ropes - Single Class,Boat Sampler,Basketball,Lacrosse,Advanced High Ropes - Single Class,Movie Making,Candling,Circus Acts,Riflery,Dance
Ronna Koelpin,12,Rocketry,Football,Rock Climbing,Designing With Nature,Screen Printing,Survival Skills,Diving,Advanced Adventures,Singing & Acapella,Mission Monadnock
Kathyrn Feeney,8,Weaving,High Ropes - Single Class,Basketball,Riflery,Sailing (North Camp),Survival Skills,Football,Dance,Rock Climbing,Rocketry
Anne Jones,11,Dance,Rock Climbing,Screen Printing,Rocketry,Tennis,Ceramics,Mosaics,Riflery,Stage Makeup,Lacrosse
Larry Monahan,8,Movie Making,High Ropes - Single Class,Weaving,Boat Sampler,Football,Dance,Rock Climbing,Survival Skills,Mosaics,Basketball
Toby Herman,9,Rock Climbing,Yoga,Boat Sampler,Football,Ceramics,Mosaics,Basketball,Tennis,Movie Making,Survival Skills
Micheal Durgan,8,Movie Making,Circus Acts,Singing & Acapella,Mosaics,Yoga,Screen Printing,High Ropes - Single Class,Dance,Designing With Nature,Tennis
Carter Cummerata,8,High Ropes - Single Class,Survival Skills,Advanced Adventures,Football,Lacrosse,Rock Climbing,Dance,Boat Sampler,Movie Making,Tennis
Alphonse Medhurst,8,Weaving,Stage Makeup,Circus Acts,Candling,Dance,Paddleboarding,Knitting,Movie Making,Rock Climbing,Diving
Destiny Heaney,10,Candling,Screen Printing,Rocketry,Dance,Singing & Acapella,Basketball,Advanced High Ropes - Single Class,High Ropes - Single Class,Circus Acts,Mosaics
Julio Yost,9,Weaving,Football,Singing & Acapella,Wood Working,Lacrosse,Advanced High Ropes - Single Class,Advanced Adventures,Screen Printing,Knitting,Ceramics
Garland Romaguera,11,Mosaics,Dance,Screen Printing,Singing & Acapella,Boat Sampler,Riflery,Rock Climbing,Wood Working,Advanced Adventures,Tennis
Frances Lockman,15,Screen Printing,Mosaics,Yoga,Singing & Acapella,Dance,Diving,Football,Candling,Advanced Adventures,High Ropes - Single Class
Lazaro Graham,10,Advanced High Ropes - Single Class,Paddleboarding,Movie Making,Designing With Nature,Tennis,Ceramics,Basketball,Mosaics,Football,Singing & Acapella
Ernestina Jewess,13,Survival Skills,Diving,Wood Working,Knitting,Boat Sampler,Paddleboarding,Advanced High Ropes - Single Class,High Ropes - Single Class,Screen Printing,Designing With Nature
Tom Ullrich,8,Lacrosse,Weaving,Singing & Acapella,Riflery,Dance,Candling,Yoga,Diving,Knitting,Tennis
Zelda Bahringer,12,Mosaics,Advanced High Ropes - Single Class,,Yoga,Weaving,Basketball,High Ropes - Single Class,Candling,Advanced Adventures,Singing & Acapella
Waltraud McCullough,11,Diving,Screen Printing,Paddleboarding,Wood Working,Tennis,Lacrosse,Circus Acts,Advanced Adventures,Basketball,Football
Clinton Schiller,8,Designing With Nature,Singing & Acapella,Sailing (North Camp),Yoga,Advanced High Ropes - Single Class,Rock Climbing,Tennis,Riflery,Screen Printing,Weaving
Raleigh Welch,14,Boat Sampler,Advanced Adventures,Survival Skills,Basketball,Sailing (North Camp),Circus Acts,Paddleboarding,Stage Makeup,Weaving,Dance
Mallie Dooley,10,Football,Survival Skills,High Ropes - Single Class,Stage Makeup,Knitting,Screen Printing,Tennis,Wood Working,Ceramics,Advanced Adventures
Britt Durgan,11,Advanced Adventures,Movie Making,Mission Monadnock,High Ropes - Single Class,Candling,Dance,Singing & Acapella,Advanced High Ropes - Single Class,Yoga,Paddleboarding
Natalya Sawayn,12,Singing & Acapella,Diving,Survival Skills,Rocketry,Sailing (North Camp),Mosaics,Advanced Adventures,Boat Sampler,Mission Monadnock,Dance
Susanne Mraz,11,Dance,Ceramics,High Ropes - Single Class,Mosaics,Basketball,Paddleboarding,Circus Acts,Candling,Lacrosse,Weaving
Burton Klocko,9,Advanced Adventures,Mission Monadnock,Basketball,Mosaics,Movie Making,Weaving,Riflery,Screen Printing,Dance,Sailing (North Camp)
Troy Grimes,14,Yoga,Advanced Adventures,Screen Printing,Basketball,Singing & Acapella,Ceramics,Movie Making,Lacrosse,Dance,Riflery
Nigel Berge,15,Stage Makeup,Wood Working,Knitting,Yoga,Basketball,Lacrosse,Tennis,Mission Monadnock,Advanced High Ropes - Single Class,Rocketry
Freeman West,13,Ceramics,Sailing (North Camp),Football,Paddleboarding,Weaving,Tennis,Candling,High Ropes - Single Class,Basketball,Advanced High Ropes - Single Class
Hugo Braun,11,Knitting,Weaving,Wood Working,Boat Sampler,Singing & Acapella,Diving,Advanced High Ropes - Single Class,Yoga,Movie Making,Rocketry
Evita Adams,11,Advanced Adventures,Candling,Singing & Acapella,Rock Climbing,Rocketry,Movie Making,Boat Sampler,Paddleboarding,Basketball,Designing With Nature
Wayne Satterfield,13,Tennis,Boat Sampler,Diving,Yoga,Stage Makeup,Candling,Dance,Rock Climbing,Advanced Adventures,Survival Skills
Blondell Prosacco,9,Rocketry,Mosaics,Diving,Riflery,Advanced High Ropes - Single Class,Survival Skills,Dance,Ceramics,Tennis,Rock Climbing
Maddie Hartmann,14,Advanced Adventures,Basketball,Advanced High Ropes - Single Class,Riflery,Movie Making,High Ropes - Single Class,Rocketry,Yoga,Ceramics,Football
Chadwick Hudson,8,Singing & Acapella,Wood Working,Riflery,Rock Climbing,Ceramics,Mission Monadnock,Boat Sampler,Dance,Circus Acts,Basketball
Lesia Haley,9,Basketball,Wood Working,Football,Stage Makeup,Singing & Acapella,Advanced Adventures,Sailing (North Camp),Lacrosse,Dance,Diving
Austin Fritsch,15,Circus Acts,Football,Survival Skills,Basketball,Boat Sampler,Singing & Acapella,Mosaics,Yoga,Diving,Designing With Nature
Geraldine Wiegand,13,Mission Monadnock,Advanced Adventures,Movie Making,Basketball,Screen Printing,Rock Climbing,Circus Acts,High Ropes - Single Class,Stage Makeup,Survival Skills
Dale Robel,11,Riflery,Tennis,Basketball,Screen Printing,Football,Wood Working,Circus Acts,Lacrosse,Knitting,High Ropes - Single Class
Collin Kiehn,11,Wood Working,Tennis,Survival Skills,Movie Making,Weaving,Advanced Adventures,Knitting,Dance,Paddleboarding,Diving
Marx Brakus,15,Tennis,Basketball,Diving,Football,Mosaics,Survival Skills,Riflery,Lacrosse,Mission Monadnock,Candling
Shondra Smith,9,Weaving,Riflery,Yoga,Diving,Basketball,Circus Acts,Wood Working,Designing With Nature,Advanced High Ropes - Single Class,Rocketry
Bridget Howe,15,Circus Acts,Boat Sampler,Diving,Yoga,Singing & Acapella,Ceramics,Dance,Basketball,Mosaics,Survival Skills
Alberto Aufderhar,14,Screen Printing,Boat Sampler,Advanced Adventures,Football,Basketball,Circus Acts,Wood Working,Candling,Lacrosse,Movie Making
Marlin Howell,12,Advanced Adventures,Tennis,Singing & Acapella,High Ropes - Single Class,Dance,Stage Makeup,Football,Basketball,Knitting,Wood Working
Jeanette Beatty,15,Tennis,Basketball,Survival Skills,Paddleboarding,Diving,Mosaics,Movie Making,Football,Candling,Circus Acts
Estelle Abbott,12,Survival Skills,Diving,Rocketry,Sailing (North Camp),Paddleboarding,Mosaics,Boat Sampler,Yoga,Circus Acts,Basketball
Matthew Waters,15,Dance,Boat Sampler,Rocketry,Candling,Basketball,Designing With Nature,Mission Monadnock,Wood Working,Rock Climbing,Lacrosse
Vernia Hermann,10,Knitting,Circus Acts,Diving,Movie Making,Survival Skills,Tennis,Advanced High Ropes - Single Class,Screen Printing,Mission Monadnock,Riflery
Del Harris,8,Diving,Yoga,Singing & Acapella,Mission Monadnock,Weaving,Rock Climbing,Dance,Football,Movie Making,Wood Working
Ima Zieme,10,Sailing (North Camp),Mission Monadnock,Stage Makeup,High Ropes - Single Class,Rocketry,Diving,Screen Printing,Lacrosse,Yoga,Singing & Acapella
Octavio Rodriguez,12,Screen Printing,Tennis,Dance,Basketball,Paddleboarding,Movie Making,Diving,Lacrosse,High Ropes - Single Class,Riflery
Shara Will,14,Lacrosse,Dance,Rock Climbing,Movie Making,Screen Printing,Sailing (North Camp),Stage Makeup,Candling,Boat Sampler,Diving
Gustavo Bashirian,8,Knitting,Ceramics,Candling,Lacrosse,Diving,Boat Sampler,Rocketry,Tennis,Movie Making,Circus Acts
Sheena Osinski,10,Advanced High Ropes - Single Class,Boat Sampler,Screen Printing,Lacrosse,Dance,Basketball,High Ropes - Single Class,Mosaics,Movie Making,Advanced Adventures
Pei Murazik,8,Advanced High Ropes - Single Class,Paddleboarding,Circus Acts,Ceramics,Stage Makeup,Dance,Yoga,Riflery,Screen Printing,Mission Monadnock
Nicholas Pfannerstill,10,Circus Acts,Screen Printing,Wood Working,Knitting,Basketball,Singing & Acapella,Tennis,Survival Skills,Rocketry,Designing With Nature
Domitila Walker,13,Boat Sampler,Ceramics,Rock Climbing,Football,Wood Working,Singing & Acapella,Riflery,Designing With Nature,Advanced High Ropes - Single Class,Circus Acts
Kamilah Bahringer,9,Basketball,Ceramics,Movie Making,Designing With Nature,Knitting,Riflery,Yoga,Rock Climbing,Weaving,High Ropes - Single Class
Tonie Brakus,10,Paddleboarding,Football,Lacrosse,Mosaics,Candling,Weaving,Diving,Survival Skills,Riflery,Boat Sampler
Fredric Grant,8,High Ropes - Single Class,Singing & Acapella,Dance,Diving,Wood Working,Weaving,Designing With Nature,Boat Sampler,Tennis,Lacrosse
Henry Heidenreich,9,Sailing (North Camp),Paddleboarding,Weaving,Yoga,Football,Advanced High Ropes - Single Class,Designing With Nature,Circus Acts,Stage Makeup,Dance
Brice Ernser,12,Weaving,Dance,Rock Climbing,High Ropes - Single Class,Survival Skills,Knitting,Lacrosse,Stage Makeup,Sailing (North Camp),Wood Working
Morgan  OKon,8,Riflery,Tennis,Basketball,Advanced High Ropes - Single Class,Boat Sampler,Knitting,Designing With Nature,Football,Rocketry,Dance
Guadalupe Williamson,9,Riflery,Weaving,Mission Monadnock,Advanced High Ropes - Single Class,Advanced Adventures,Screen Printing,Stage Makeup,Survival Skills,Ceramics,Diving
Isreal D'Amore,11,Advanced High Ropes - Single Class,Wood Working,Ceramics,Basketball,Dance,Riflery,Stage Makeup,Candling,Advanced Adventures,Rock Climbing
Casie Smith,14,Basketball,Screen Printing,Stage Makeup,Singing & Acapella,Survival Skills,Diving,Mission Monadnock,Sailing (North Camp),Movie Making,Paddleboarding
Edwin Kris,12,Movie Making,Rock Climbing,Rocketry,Sailing (North Camp),Dance,Basketball,Riflery,Ceramics,Football,Survival Skills
Jeana Dietrich,10,Ceramics,Knitting,High Ropes - Single Class,Movie Making,Singing & Acapella,Tennis,Mission Monadnock,Stage Makeup,Basketball,Weaving
Darrell Macejkovic,12,Rocketry,Yoga,Circus Acts,Movie Making,High Ropes - Single Class,Candling,Rock Climbing,Dance,Knitting,Advanced Adventures
Dong Veum,14,Mission Monadnock,Football,Stage Makeup,Boat Sampler,Rock Climbing,Weaving,Basketball,Ceramics,Mosaics,Yoga
Broderick Harber,11,Candling,Wood Working,Sailing (North Camp),Paddleboarding,Stage Makeup,Ceramics,Movie Making,Weaving,Screen Printing,Circus Acts
Jalisa Mertz,10,Paddleboarding,Yoga,Designing With Nature,Knitting,Riflery,Lacrosse,Stage Makeup,Circus Acts,Weaving,Basketball
Lyman Batz,14,Survival Skills,Basketball,Candling,Ceramics,Advanced High Ropes - Single Class,Circus Acts,Sailing (North Camp),Football,Rock Climbing,Weaving
Marvella Ritchie,10,Survival Skills,Football,Rocketry,Stage Makeup,Advanced High Ropes - Single Class,Circus Acts,Diving,Paddleboarding,Candling,Basketball
Suzi Cruickshank,9,Survival Skills,Movie Making,Sailing (North Camp),Circus Acts,Ceramics,Designing With Nature,Rocketry,Rock Climbing,Advanced High Ropes - Single Class,Knitting
Ty Raynor,9,Knitting,Sailing (North Camp),Basketball,Wood Working,Mosaics,Paddleboarding,Dance,Ceramics,Circus Acts,Boat Sampler
Gil Wolf,10,High Ropes - Single Class,Football,Survival Skills,Advanced High Ropes - Single Class,Screen Printing,Riflery,Rock Climbing,Ceramics,Sailing (North Camp),Weaving
Faith Metz,14,Basketball,Paddleboarding,Football,Tennis,Circus Acts,Weaving,Rocketry,Mission Monadnock,Candling,Movie Making
Vikki Torphy,11,Circus Acts,Dance,Wood Working,Diving,Candling,Boat Sampler,Basketball,Sailing (North Camp),Tennis,Weaving
Cleo Swaniawski,10,Wood Working,High Ropes - Single Class,Rock Climbing,Movie Making,Tennis,Dance,Circus Acts,Diving,Screen Printing,Advanced Adventures
Monte Cremin,15,Ceramics,Sailing (North Camp),Tennis,Football,Diving,High Ropes - Single Class,Movie Making,Circus Acts,Weaving,Basketball
Tyler Zemlak,9,Mosaics,Dance,Circus Acts,Stage Makeup,Yoga,Movie Making,Mission Monadnock,Lacrosse,Singing & Acapella,Tennis
Brittni Lowe,8,Football,Designing With Nature,Mission Monadnock,Screen Printing,Mosaics,Knitting,Riflery,Rocketry,Weaving,Singing & Acapella
Abram Gutmann,11,Stage Makeup,Rock Climbing,Knitting,Yoga,Singing & Acapella,Advanced Adventures,Weaving,Screen Printing,Wood Working,Circus Acts
Libby Mayert,9,Rock Climbing,Candling,Football,Movie Making,Rocketry,Mission Monadnock,Basketball,Circus Acts,Advanced High Ropes - Single Class,Yoga
Breanna Kautzer,12,Circus Acts,High Ropes - Single Class,Riflery,Stage Makeup,Advanced High Ropes - Single Class,Survival Skills,Dance,Movie Making,Basketball,Tennis
Amanda Gutkowski,10,Movie Making,Basketball,Advanced Adventures,Survival Skills,Advanced High Ropes - Single Class,Candling,Tennis,Designing With Nature,Sailing (North Camp),Wood Working
Nakia Kerluke,14,Football,Wood Working,Riflery,Advanced High Ropes - Single Class,Rock Climbing,Basketball,Mosaics,High Ropes - Single Class,Yoga,Diving
Alberta Gleichner,12,Knitting,Advanced Adventures,Riflery,Movie Making,Lacrosse,Survival Skills,Weaving,Tennis,Mission Monadnock,Stage Makeup
Gene Lebsack,9,Knitting,Ceramics,High Ropes - Single Class,Stage Makeup,Boat Sampler,Advanced High Ropes - Single Class,Mosaics,Screen Printing,Football,Rocketry
Angelyn Wyman,11,Circus Acts,Diving,High Ropes - Single Class,Singing & Acapella,Survival Skills,Stage Makeup,Mission Monadnock,Lacrosse,Ceramics,Mosaics
Doyle Schroeder,11,Dance,Singing & Acapella,Movie Making,Advanced High Ropes - Single Class,Wood Working,Paddleboarding,Rock Climbing,Mosaics,Tennis,Screen Printing
Terese Langosh,13,Diving,Lacrosse,Screen Printing,Wood Working,Sailing (North Camp),Paddleboarding,Riflery,Stage Makeup,Movie Making,Advanced Adventures
Mariano Heathcote,12,Sailing (North Camp),Circus Acts,Wood Working,Designing With Nature,Riflery,Ceramics,Basketball,Advanced High Ropes - Single Class,Football,Diving
Brice Stehr,15,Advanced High Ropes - Single Class,Stage Makeup,Yoga,Screen Printing,Mosaics,Rock Climbing,Weaving,Survival Skills,Wood Working,Boat Sampler
Robt Jewess,13,Tennis,Riflery,Knitting,Screen Printing,Paddleboarding,Sailing (North Camp),Wood Working,Candling,Mission Monadnock,Circus Acts
Elly Schaden,15,Advanced Adventures,Tennis,Dance,Rocketry,Basketball,Stage Makeup,Singing & Acapella,Knitting,Ceramics,Yoga
Shantay Kerluke,8,Dance,Designing With Nature,Mission Monadnock,Screen Printing,Diving,Lacrosse,Sailing (North Camp),Movie Making,Basketball,Football
Carroll Abshire,13,Basketball,Knitting,Weaving,Dance,Designing With Nature,Riflery,Singing & Acapella,Advanced Adventures,Survival Skills,Mosaics
Eldridge Waelchi,8,Basketball,Screen Printing,Mission Monadnock,Diving,Sailing (North Camp),Movie Making,Wood Working,Rock Climbing,Yoga,Rocketry
Danny Towne,13,Singing & Acapella,Advanced Adventures,Paddleboarding,Movie Making,Diving,Rock Climbing,Weaving,Screen Printing,Wood Working,Stage Makeup
Tamica Gibson,9,Knitting,Mission Monadnock,Mosaics,Stage Makeup,Lacrosse,Designing With Nature,Football,Basketball,Rock Climbing,Singing & Acapella
Diego Rosenbaum,10,Weaving,Circus Acts,Knitting,Boat Sampler,Designing With Nature,Mission Monadnock,Survival Skills,Stage Makeup,Ceramics,High Ropes - Single Class
Harrison Kuphal,10,Boat Sampler,Weaving,Tennis,Designing With Nature,Advanced Adventures,Paddleboarding,Yoga,Screen Printing,Candling,Riflery
